categoria,n_produtos,mae,r2,cobertura,largura_media
ram,1274,269.450088260495,0.864997700894029,0.8627450980392157,956.1318931450905
cpu,559,490.73782116539934,0.5937192828055744,0.9732142857142857,4076.3614252188263
gpu,518,1721.8389467831562,0.5918665975208695,0.8846153846153846,5312.85891309177
ssd,879,679.0203743166486,0.37681774705691096,0.9261363636363636,2272.103329126361
fonte,627,142.57949110326092,0.692018314712102,0.9206349206349206,802.5392027058042
placa_mae,935,512.055176873616,0.4731829255922232,0.893048128342246,2029.887402591028
